person,questionCode,timediff,rawEeg
javier,17,0.7931106000000057,48
javier,17,0.7931925000000035,36
javier,17,0.7932394999999985,22
javier,17,0.793695299999996,19
javier,17,0.7937531999999976,24
javier,17,0.7937875000000076,32
javier,17,0.7938186000000087,43
javier,17,0.7941275000000019,56
javier,17,0.7941710999999998,50
javier,17,0.794202399999989,23
javier,17,0.794488599999994,17
javier,17,0.7945278999999914,41
javier,17,0.7945575999999903,56
javier,17,0.7945866000000024,42
javier,17,0.7948967000000096,40
javier,17,0.7949388000000113,53
javier,17,0.7949695000000077,69
javier,17,0.7953191999999945,73
javier,17,0.7953670999999929,60
javier,17,0.7953984000000105,50
javier,17,0.7954293999999891,44
javier,17,0.7957403999999997,43
javier,17,0.7957829000000061,36
javier,17,0.7958131000000037,34
javier,17,0.7958421000000158,40
javier,17,0.7961002000000121,52
javier,17,0.7961395000000095,52
javier,17,0.7961693999999966,35
javier,17,0.8146436000000108,26
javier,17,0.8147692000000006,39
javier,17,0.8148208000000068,54
javier,17,0.815214200000014,48
javier,17,0.8153476999999896,27
javier,17,0.815393499999999,19
javier,17,0.8154303999999968,21
javier,17,0.8157944000000157,17
javier,17,0.8158444999999972,10
javier,17,0.8158807000000081,6
javier,17,0.8161412000000041,0
javier,17,0.8161870000000135,5
javier,17,0.8162250000000029,16
javier,17,0.8504718000000082,26
javier,17,0.8768493999999976,34
javier,17,0.8769824999999969,18
javier,17,0.8771039000000087,-1
javier,17,0.8774882000000161,-4
javier,17,0.8775406999999973,0
javier,17,0.8775760000000048,-5
javier,17,0.8776092999999889,-20
javier,17,0.8779064999999946,-33
javier,17,0.8779494000000057,-34
javier,17,0.8779813000000161,-19
javier,17,0.878459399999997,4
javier,17,0.878520199999997,28
javier,17,0.8785571999999888,52
javier,17,0.8785890000000052,51
javier,17,0.878900399999992,39
javier,17,0.8789433999999972,40
javier,17,0.8789755999999898,51
javier,17,0.8792737999999929,58
javier,17,0.8793157000000065,53
javier,17,0.8793483000000037,32
javier,17,0.8793786999999895,25
javier,17,0.8797380000000032,28
javier,17,0.8797852000000148,37
javier,17,0.8798204999999939,43
javier,17,0.8801253000000031,48
javier,17,0.8802368000000058,48
javier,17,0.8802708999999993,41
javier,17,0.8803020999999944,35
javier,17,0.8805924000000118,37
javier,17,0.8806324999999902,48
javier,17,0.8806629000000044,58
javier,17,0.8806936000000007,54
javier,17,0.880860900000016,54
javier,17,0.9076239999999984,60
javier,17,0.9077292999999997,70
javier,17,0.9077824999999962,73
javier,17,0.9081757000000152,66
javier,17,0.9082447000000116,52
javier,17,0.9082841999999971,44
javier,17,0.908321199999989,52
javier,17,0.9086595999999929,44
javier,17,0.9087049999999977,43
javier,17,0.9087437999999963,49
javier,17,0.9090669999999932,37
javier,17,0.9091583999999955,32
javier,17,0.9092119999999966,43
javier,17,0.9092501000000084,53
javier,17,0.9095821999999885,51
javier,17,0.9096269000000063,43
javier,17,0.9096619000000032,40
javier,17,0.9098615999999993,41
javier,17,0.9099152999999944,53
javier,17,0.960508400000009,50
javier,17,0.9859608000000151,32
javier,17,0.9860647000000142,11
javier,17,0.9861141000000089,19
javier,17,0.9865058000000033,54
javier,17,0.9865614999999934,82
javier,17,0.9866020999999989,85
javier,17,0.9866394000000014,75
javier,17,0.9869937999999934,59
javier,17,0.9870397999999909,50
javier,17,0.9870745999999997,40
javier,17,0.9874440000000106,45
javier,17,0.9874949000000015,53
javier,17,0.9875326000000086,58
javier,17,0.9875675000000115,67
javier,17,0.9879184000000123,69
javier,17,0.9879655000000014,64
javier,17,0.988002200000011,56
javier,17,0.9883249000000092,54
javier,17,0.9883710000000008,44
javier,17,0.9884082000000092,32
javier,17,0.9884440000000154,26
javier,17,0.9887765000000002,41
javier,17,0.9888248000000033,59
javier,17,0.9889062000000024,64
javier,17,0.9889472000000126,58
javier,17,0.9892709000000082,53
javier,17,0.9893159000000082,36
javier,17,0.9893520999999907,22
javier,17,0.9898263999999983,32
javier,17,0.9898886999999945,48
javier,17,0.9899253000000101,52
javier,17,0.989957099999998,55
javier,17,0.9902771000000143,56
javier,17,0.9903203000000076,60
javier,17,0.9903564999999901,66
javier,17,0.9905948999999907,66
javier,17,0.9906770000000051,67
javier,17,1.0152793999999972,74
javier,17,1.0153099999999995,74
javier,17,1.0153205000000014,71
javier,17,1.0154133000000058,66
javier,17,1.0154248999999993,60
javier,17,1.0154330999999956,64
javier,17,1.0154407999999933,73
javier,17,1.015513999999996,76
javier,17,1.015523800000011,67
javier,17,1.0155319000000134,55
javier,17,1.015611000000007,50
javier,17,1.015621799999991,54
javier,17,1.0156297000000052,58
javier,17,1.0156415000000152,73
javier,17,1.0573401000000047,87
javier,17,1.0573723999999913,90
javier,17,1.0573838999999907,101
javier,17,1.0574684999999988,101
javier,17,1.0574815999999885,98
javier,17,1.0574900000000014,101
javier,17,1.0940175000000067,104
javier,17,1.0940809999999885,107
javier,17,1.0941104000000053,102
javier,17,1.0943723999999975,96
javier,17,1.0944359000000077,98
javier,17,1.0944661999999994,100
javier,17,1.0946699000000137,101
javier,17,1.0947318999999993,93
javier,17,1.0947551000000146,81
javier,17,1.0947736999999904,71
javier,17,1.0949558000000081,66
javier,17,1.0949808000000019,50
javier,17,1.0949999999999989,43
javier,17,1.0951697000000138,51
javier,17,1.0951948999999956,54
javier,17,1.0952142000000151,50
javier,17,1.0952417999999966,39
javier,17,1.0954100000000153,35
javier,17,1.0954342999999938,36
javier,17,1.095452999999992,42
javier,17,1.095471400000008,55
javier,17,1.0957401000000004,75
javier,17,1.0957744000000105,96
javier,17,1.0957957999999905,106
javier,17,1.0959851000000072,106
javier,17,1.0960110000000043,100
javier,17,1.0960314000000153,82
javier,17,1.0960507000000064,53
javier,17,1.0962308000000007,36
javier,17,1.0962561999999991,36
javier,17,1.0962748999999974,40
javier,17,1.0964111000000116,38
javier,17,1.096435200000002,23
javier,17,1.0964547000000096,6
javier,17,1.1240482999999983,1
javier,17,1.124114100000014,3
javier,17,1.1241430000000037,2
javier,17,1.1243830999999886,6
javier,17,1.1244163000000071,25
javier,17,1.124441499999989,53
javier,17,1.1244647999999984,54
javier,17,1.1246676000000093,28
javier,17,1.1247078000000101,16
javier,17,1.1247320999999886,23
javier,17,1.1247548999999992,39
javier,17,1.124876999999998,44
javier,17,1.1633879000000036,45
javier,17,1.1885833999999988,39
javier,17,1.1886857000000077,25
javier,17,1.1887370000000033,27
javier,17,1.189126200000004,51
javier,17,1.1891801000000157,73
javier,17,1.1892201,89
javier,17,1.1892573000000084,92
javier,17,1.189608600000014,82
javier,17,1.189711100000011,56
javier,17,1.1897510000000011,39
javier,17,1.1900884000000076,38
javier,17,1.1901359000000014,26
javier,17,1.1901724999999885,17
javier,17,1.1902083999999888,10
javier,17,1.1905469000000153,2
javier,17,1.19059519999999,1
javier,17,1.1906298000000106,7
javier,17,1.1906652000000122,22
javier,17,1.1909876999999938,41
javier,17,1.191031900000013,43
javier,17,1.1910679000000073,37
javier,17,1.1914316000000156,41
javier,17,1.1914806999999996,49
javier,17,1.1915301999999883,54
javier,17,1.1915678000000014,58
javier,17,1.1918932000000098,58
javier,17,1.1919374999999945,52
javier,17,1.192004499999996,33
javier,17,1.192382600000002,23
javier,17,1.1924334999999928,29
javier,17,1.1924674999999922,23
javier,17,1.192514100000011,-2
javier,17,1.1928126999999904,-11
javier,17,1.1928551000000027,19
javier,17,1.1929374000000053,56
javier,17,1.193095900000003,72
javier,17,1.218365800000015,67
javier,17,1.2184694999999977,51
javier,17,1.2185187999999982,29
javier,17,1.2189094000000011,33
javier,17,1.2189642000000163,50
javier,17,1.2190047999999933,51
javier,17,1.2190416999999911,52
javier,17,1.219457900000009,64
javier,17,1.2195074999999918,66
javier,17,1.219544600000006,51
javier,17,1.2198721999999975,42
javier,17,1.2199175000000082,65
javier,17,1.2199541999999894,89
javier,17,1.219988700000016,86
javier,17,1.2201713999999981,66
javier,17,1.2496675000000153,37
javier,17,1.2498205999999925,9
javier,17,1.2498669999999947,6
javier,17,1.250111199999992,17
javier,17,1.250159300000007,20
javier,17,1.2822405999999944,8
javier,17,1.2823443999999995,2
javier,17,1.2823927999999967,16
javier,17,1.28286030000001,36
javier,17,1.282921200000004,43
javier,17,1.2829555000000141,34
javier,17,1.2829881000000114,26
javier,17,1.2833027000000072,33
javier,17,1.2833450999999911,41
javier,17,1.2833765999999969,49
javier,17,1.2837829000000056,42
javier,17,1.2838422000000094,44
javier,17,1.2838873000000035,49
javier,17,1.2839310999999896,52
javier,17,1.2842535999999996,53
javier,17,1.2842976000000021,50
javier,17,1.2843302999999935,43
javier,17,1.2843611000000124,43
javier,17,1.2848683999999935,49
javier,17,1.2849342000000092,50
javier,17,1.2849791000000153,58
javier,17,1.2853057000000092,59
javier,17,1.2853507000000093,39
javier,17,1.2853846000000146,21
javier,17,1.285415400000005,17
javier,17,1.285620300000005,23
javier,17,1.3142416000000026,33
javier,17,1.31435350000001,22
javier,17,1.3144028000000105,4
javier,17,1.3149131000000125,8
javier,17,1.3149742999999887,27
javier,17,1.3150152999999989,41
javier,17,1.315054300000014,50
javier,17,1.3154011999999966,38
javier,17,1.315450999999996,25
javier,17,1.315488700000003,39
javier,17,1.315848200000005,54
javier,17,1.315898400000009,51
javier,17,1.3159342000000152,49
javier,17,1.3159713999999951,48
javier,17,1.3163557999999966,53
javier,17,1.316408899999999,50
javier,17,1.3164460000000133,37
javier,17,1.3164830999999992,34
javier,17,1.3167765999999972,36
javier,17,1.3168526000000043,25
javier,17,1.3168864000000156,16
javier,17,1.3437185999999883,22
javier,17,1.3437646000000143,43
javier,17,1.343784200000016,55
javier,17,1.3753010000000074,43
javier,17,1.3753548999999907,22
javier,17,1.3753777999999954,11
javier,17,1.3755642000000137,27
javier,17,1.3755920000000117,56
javier,17,1.375610899999998,69
javier,17,1.3756281999999942,66
javier,17,1.3757702000000052,75
javier,17,1.3757913999999971,98
javier,17,1.3758095999999966,106
javier,17,1.4074324999999988,100
javier,17,1.4074871999999914,97
javier,17,1.4075108000000114,98
javier,17,1.4077025999999933,91
javier,17,1.4077282000000082,75
javier,17,1.4077475999999933,58
javier,17,1.4077662999999916,55
javier,17,1.4079308000000026,59
javier,17,1.4079538999999954,55
javier,17,1.4079719000000068,51
javier,17,1.4081630000000018,44
javier,17,1.4081873000000087,42
javier,17,1.4082056999999963,38
javier,17,1.408223300000003,43
javier,17,1.4083847999999932,59
javier,17,1.4084067999999945,65
javier,17,1.408424800000006,53
javier,17,1.4085813000000087,57
javier,17,1.4086026999999888,69
javier,17,1.4086207000000002,82
javier,17,1.4086387000000116,97
javier,17,1.4087754999999902,100
javier,17,1.4087981000000127,90
javier,17,1.4088159000000076,75
javier,17,1.4384626000000083,67
javier,17,1.4385195000000124,65
javier,17,1.4697261000000026,64
javier,17,1.5028382000000136,58
javier,17,1.502929899999998,58
javier,17,1.5029718000000116,61
javier,17,1.5033138000000008,58
javier,17,1.5034099000000083,48
javier,17,1.5034502000000032,26
javier,17,1.503483899999992,3
javier,17,1.5037988999999925,-6
javier,17,1.503842800000001,9
javier,17,1.5038753999999983,33
javier,17,1.5041634000000101,37
javier,17,1.5042107000000158,35
javier,17,1.5042444000000046,36
javier,17,1.5042756999999938,33
javier,17,1.5045768999999893,35
javier,17,1.5046191000000135,38
javier,17,1.5046514000000002,39
javier,17,1.504684200000014,55
javier,17,1.5050084000000084,74
javier,17,1.5050515000000075,70
javier,17,1.5050840000000107,56
javier,17,1.5053714999999954,50
javier,17,1.5054116999999962,56
javier,17,1.5054441999999995,65
javier,17,1.5054761000000099,70
javier,17,1.5057712999999922,80
javier,17,1.5058118000000036,77
javier,17,1.5058433000000093,69
javier,17,1.50612559999999,67
javier,17,1.506165799999991,64
javier,17,1.506198000000012,44
javier,17,1.5062628000000018,36
javier,17,1.5065681000000097,38
javier,17,1.5066084999999987,55
javier,17,1.506641099999996,70
javier,17,1.5069486000000154,67
javier,17,1.5070004000000097,54
javier,17,1.5070308999999895,51
javier,17,1.50705769999999,48
javier,17,1.5073271999999918,52
javier,17,1.5073640999999895,72
javier,17,1.5073931000000016,86
javier,17,1.507420599999989,85
javier,17,1.5077189000000146,72
javier,17,1.5077585999999883,69
javier,17,1.507785900000016,72
javier,17,1.5080413999999962,76
javier,17,1.5081108999999913,77
javier,17,1.5081556000000091,71
javier,17,1.5081831999999906,66
javier,17,1.5084409000000107,64
javier,17,1.5085280000000125,65
javier,17,1.5319412999999997,66
javier,17,1.532032700000002,60
javier,17,1.5320766000000106,48
javier,17,1.533044700000005,19
javier,17,1.5331443999999976,8
javier,17,1.5331827999999916,16
javier,17,1.5332122000000084,27
javier,17,1.5335673000000156,27
javier,17,1.533610799999991,19
javier,17,1.5336392000000103,17
javier,17,1.5339080999999908,28
javier,17,1.5339467000000013,39
javier,17,1.5339754000000028,26
javier,17,1.5340032999999949,8
javier,17,1.5341635000000053,11
javier,17,1.5677387000000067,27
javier,17,1.594539900000001,49
javier,17,1.5946431000000132,69
javier,17,1.5947166999999922,71
javier,17,1.5951029000000005,53
javier,17,1.595156099999997,33
javier,17,1.595195700000005,34
javier,17,1.5952326999999968,53
javier,17,1.5956209999999942,75
javier,17,1.5956884999999943,80
javier,17,1.5957295000000045,66
javier,17,1.5960621000000117,50
javier,17,1.5961081000000092,34
javier,17,1.5961455000000058,37
javier,17,1.5961810000000014,50
javier,17,1.5965057999999885,45
javier,17,1.596551699999992,32
javier,17,1.5965882000000136,22
javier,17,1.5968909000000053,27
javier,17,1.5969326999999964,55
javier,17,1.596962700000006,83
javier,17,1.596989199999996,91
javier,17,1.5973826999999972,75
javier,17,1.597434899999996,56
javier,17,1.5974668000000065,55
javier,17,1.597496800000016,60
javier,17,1.5977780999999993,60
javier,17,1.5978176000000133,56
javier,17,1.597846599999997,54
javier,17,1.5980589000000123,52
javier,17,1.598094500000002,55
javier,17,1.5981226000000106,57
javier,17,1.6251588000000083,50
javier,17,1.6252680000000055,39
javier,17,1.625317200000012,44
javier,17,1.625723800000003,59
javier,17,1.6257789000000002,58
javier,17,1.6258186999999964,40
javier,17,1.6258569000000023,36
javier,17,1.626192599999996,42
javier,17,1.626240899999999,52
javier,17,1.6262782000000016,54
javier,17,1.626609000000002,44
javier,17,1.6266708999999935,21
javier,17,1.626709300000016,10
javier,17,1.6267974000000152,27
javier,17,1.6270705999999961,35
javier,17,1.6271084999999914,27
javier,17,1.6271429999999896,34
javier,17,1.6273963000000151,37
javier,17,1.6274328000000082,28
javier,17,1.6274607000000003,20
javier,17,1.6274870000000021,18
javier,17,1.6276320000000055,36
javier,17,1.6805147999999974,65
javier,17,1.7050375999999972,70
javier,17,1.7051625999999942,69
javier,17,1.7052138999999897,67
javier,17,1.705601999999999,59
javier,17,1.7056558000000166,67
javier,17,1.7056961000000115,70
javier,17,1.7057345000000055,69
javier,17,1.706085999999999,71
javier,17,1.7061346000000128,73
javier,17,1.706174500000003,72
javier,17,1.7065071000000103,73
javier,17,1.7065547999999922,82
javier,17,1.7065927000000158,86
javier,17,1.7066288999999983,88
javier,17,1.7069516999999905,91
javier,17,1.7069980999999927,91
javier,17,1.7070357000000058,97
javier,17,1.7073762999999929,89
javier,17,1.7074235999999985,74
javier,17,1.7074613999999997,57
javier,17,1.707497399999994,48
javier,17,1.707817900000009,44
javier,17,1.707863400000008,43
javier,17,1.707899800000007,43
javier,17,1.7079366000000107,50
javier,17,1.7082704000000035,51
javier,17,1.7083159000000023,56
javier,17,1.7083523000000014,69
javier,17,1.7086716999999965,76
javier,17,1.7087178000000165,74
javier,17,1.7087543000000096,59
javier,17,1.708790300000004,55
javier,17,1.7090273000000025,57
javier,17,1.7090863999999897,52
javier,17,1.7345214000000055,48
javier,17,1.7345862999999895,44
javier,17,1.7346161000000109,49
javier,17,1.7348537999999962,58
javier,17,1.734886500000016,73
javier,17,1.7349102999999957,74
javier,17,1.7349326000000076,65
javier,17,1.7351546000000155,42
javier,17,1.7351859999999988,28
javier,17,1.7352063000000157,22
javier,17,1.7353842999999927,16
javier,17,1.7354091999999923,9
javier,17,1.735428799999994,13
javier,17,1.7354473999999982,21
javier,17,1.8138011000000063,23
javier,17,1.8139050999999995,21
javier,17,1.8139544,8
javier,17,1.8143339000000083,6
javier,17,1.814382600000016,21
javier,17,1.8144136999999887,25
javier,17,1.8144420000000139,19
javier,17,1.8147589000000153,6
javier,17,1.8148016000000098,5
javier,17,1.8148367000000007,10
javier,17,1.814866099999989,7
javier,17,1.8151206000000002,10
javier,17,1.8151585999999895,34
javier,17,1.81518650000001,37
javier,17,1.815485300000006,21
javier,17,1.8155264000000102,21
javier,17,1.815577200000007,34
javier,17,1.8156077000000153,36
javier,17,1.8159674999999993,35
javier,17,1.8160261000000162,33
javier,17,1.8160626000000093,28
javier,17,1.8163742000000127,37
javier,17,1.8164179000000047,42
javier,17,1.816450599999996,29
javier,17,1.8164807999999937,24
javier,17,1.816790999999995,39
javier,17,1.816875600000003,53
javier,17,1.816976100000005,54
javier,17,1.8173451000000114,42
javier,17,1.8174042999999926,37
javier,17,1.8174363999999912,43
javier,17,1.8174647000000164,65
javier,17,1.8177359999999965,69
javier,17,1.817773299999999,43
javier,17,1.817801199999991,21
javier,17,1.8178276000000153,23
javier,17,1.8180708000000152,54
javier,17,1.818106499999999,72
javier,17,1.8181338999999923,68
javier,17,1.8184095000000013,61
javier,17,1.8184510000000103,56
javier,17,1.8184832000000029,44
javier,17,1.8185141000000158,40
javier,17,1.8442291000000068,29
javier,17,1.8443319000000145,16
javier,17,1.8443809999999985,25
javier,17,1.8447697999999946,44
javier,17,1.844841400000007,55
javier,17,1.8448831999999982,59
javier,17,1.8449209000000053,59
javier,17,1.8453111000000035,57
javier,17,1.8453647000000046,42
javier,17,1.8454022999999893,27
javier,17,1.8455720999999983,25
javier,17,1.8833735999999988,32
javier,17,1.9075392000000022,27
javier,17,1.907668099999995,16
javier,17,1.9077163999999982,8
javier,17,1.9081792000000064,17
javier,17,1.908237899999989,21
javier,17,1.9082779999999957,18
javier,17,1.9083174000000156,9
javier,17,1.908680000000004,18
javier,17,1.9087298999999973,32
javier,17,1.9087682999999913,42
javier,17,1.9091002000000117,55
javier,17,1.9091471000000126,59
javier,17,1.9091845000000092,50
javier,17,1.9092206999999917,48
javier,17,1.909542000000016,58
javier,17,1.9096001000000058,73
javier,17,1.909641100000016,74
javier,17,1.9096772000000044,57
javier,17,1.9100500000000125,51
javier,17,1.9100990999999965,51
javier,17,1.9101367000000096,49
javier,17,1.9104585000000043,60
javier,17,1.9105029000000116,77
javier,17,1.910539,81
javier,17,1.9105739999999969,70
javier,17,1.9109105,67
javier,17,1.9109631000000036,61
javier,17,1.9110012000000154,60
javier,17,1.9113222999999948,71
javier,17,1.9114088999999979,77
javier,17,1.9114474000000143,68
javier,17,1.9114825000000053,48
javier,17,1.9117826000000093,35
javier,17,1.9118283999999903,32
javier,17,1.911865199999994,25
javier,17,1.9377675000000067,37
javier,17,1.9378687999999897,51
javier,17,1.9379168000000107,65
javier,17,1.938366699999989,74
javier,17,1.9384421000000032,76
javier,17,1.9384833999999955,66
javier,17,1.9385212999999908,61
javier,17,1.9388635999999906,64
javier,17,1.9389120000000162,56
javier,17,1.9389501999999936,43
javier,17,1.939277599999997,43
javier,17,1.9393250999999907,50
javier,17,1.9393627999999978,49
javier,17,1.9394153000000074,41
javier,17,1.939742999999993,40
javier,17,1.9397897999999998,50
javier,17,1.9398260000000107,57
javier,17,1.9401857000000007,57
javier,17,1.9402350999999953,56
javier,17,1.9402736000000118,55
javier,17,1.9403092999999956,56
javier,17,1.9812549000000104,65
javier,17,2.0170976999999937,68
javier,17,2.017237499999993,42
javier,17,2.017282800000004,20
javier,17,2.0176566000000093,23
javier,17,2.0177055999999993,39
javier,17,2.017738900000012,35
javier,17,2.0177697000000023,37
javier,17,2.01807629999999,54
javier,17,2.0181472000000156,61
javier,17,2.018228399999998,41
javier,17,2.0186152999999933,16
javier,17,2.0186654000000033,22
javier,17,2.0186985999999933,56
javier,17,2.018784100000005,76
javier,17,2.019077699999997,84
javier,17,2.0191182000000083,82
javier,17,2.019151100000016,59
javier,17,2.0194523000000117,33
javier,17,2.0194993000000068,21
javier,17,2.0195989000000054,23
javier,17,2.01965340000001,38
javier,17,2.0199684000000104,41
javier,17,2.0200131,27
javier,17,2.020047300000016,7
javier,17,2.0200795000000085,6
javier,17,2.0204827999999964,34
javier,17,2.0205316999999923,67
javier,17,2.0205642999999895,93
javier,17,2.0208595999999943,97
javier,17,2.0209005000000104,81
javier,17,2.0209323999999924,70
javier,17,2.020962400000002,74
javier,17,2.0211625000000026,83
javier,17,2.0212219000000005,84
javier,17,2.0468752000000165,65
javier,17,2.0469864000000086,44
javier,17,2.0470352000000105,48
javier,17,2.0474869999999896,52
javier,17,2.047546699999998,42
javier,17,2.047586800000005,21
javier,17,2.0476256000000035,0
javier,17,2.047973600000006,-8
javier,17,2.048025200000012,-8
javier,17,2.048058900000001,-9
javier,17,2.048259900000005,2
javier,17,2.048303500000003,23
javier,17,2.084864500000009,41
javier,17,2.1099629999999934,43
javier,17,2.1100370000000055,39
javier,17,2.1100825999999984,36
javier,17,2.1104210999999964,40
javier,17,2.110461100000009,52
javier,17,2.1104851000000053,60
javier,17,2.1105129000000034,57
javier,17,2.1108235000000093,52
javier,17,2.1108608000000117,40
javier,17,2.1108837000000165,24
javier,17,2.1111132999999995,19
javier,17,2.111152000000004,26
javier,17,2.1111717,40
javier,17,2.1111846000000014,48
javier,17,2.111327700000004,42
javier,17,2.111344900000006,32
javier,17,2.111356700000016,18
javier,17,2.1114666,5
javier,17,2.111482300000006,20
javier,17,2.111494300000004,53
javier,17,2.1115054999999927,68
javier,17,2.111667400000016,67
javier,17,2.111688000000015,52
javier,17,2.11170469999999,43
javier,17,2.1117212999999992,53
javier,17,2.111837600000001,66
javier,17,2.111853300000007,86
javier,17,2.1118815000000097,103
javier,17,2.1119913999999937,102
javier,17,2.112006600000001,99
javier,17,2.112018400000011,98
javier,17,2.1120296999999937,98
javier,17,2.112107199999997,86
javier,17,2.1121219000000053,70
javier,17,2.1402755999999954,69
javier,17,2.1403040000000146,72
javier,17,2.1403134999999907,80
javier,17,2.140398800000014,85
javier,17,2.140409500000004,66
javier,17,2.1404170000000136,50
javier,17,2.140423999999996,48
javier,17,2.14051520000001,40
javier,17,2.140525700000012,39
javier,17,2.140560800000003,45
javier,17,2.140605700000009,53
javier,17,2.1406147000000146,55
javier,17,2.1970871000000045,53
javier,17,2.2202173000000016,40
javier,17,2.2518281000000115,27
javier,17,2.2518599999999935,26
javier,17,2.2518731000000116,35
javier,17,2.2519828000000075,40
javier,17,2.251997100000011,35
javier,17,2.2520078999999953,25
javier,17,2.252018300000003,28
javier,17,2.2521264000000087,36
javier,17,2.2521394999999984,49
javier,17,2.2521495000000016,57
javier,17,2.252237699999995,58
javier,17,2.2522498000000155,53
javier,17,2.2522597999999903,44
javier,17,2.2522693999999888,44
javier,17,2.2523561000000143,44
javier,17,2.25236799999999,41
javier,17,2.2523783000000037,41
javier,17,2.25246469999999,44
javier,17,2.252488700000015,36
javier,17,2.2524999999999977,27
javier,17,2.2525098000000128,36
javier,17,2.2525977999999895,40
javier,17,2.2526095999999995,38
javier,17,2.2526234999999986,32
javier,17,2.2526339000000064,24
javier,17,2.252721600000001,29
javier,17,2.2527330000000063,38
javier,17,2.2527431000000036,25
javier,17,2.252829999999989,7
javier,17,2.2528421000000094,8
javier,17,2.2528522000000066,21
javier,17,2.2528615999999886,19
javier,17,2.2529584000000114,4
javier,17,2.252971300000013,-4
javier,17,2.252981500000004,3
javier,17,2.2529910000000086,12
javier,17,2.253078600000009,27
javier,17,2.253089799999998,49
javier,17,2.2530991000000142,57
javier,17,2.253184900000008,54
javier,17,2.2531965000000014,56
javier,17,2.2532063000000164,66
javier,17,2.2532183000000146,70
javier,17,2.253304799999995,57
javier,17,2.253316699999999,55
javier,17,2.2533266000000083,72
javier,17,2.2534234000000026,98
javier,17,2.2534366000000148,113
javier,17,2.2534472000000108,98
javier,17,2.253456099999994,89
javier,17,2.2535357000000147,102
javier,17,2.2535468000000094,104
javier,17,2.2535555000000045,90
javier,17,2.253617300000002,75
javier,17,2.2536317999999937,64
javier,17,2.2536406000000113,60
javier,17,2.287048900000002,72
javier,17,2.2870769000000166,75
javier,17,2.3175098000000105,65
javier,17,2.317540400000013,49
javier,17,2.3175521000000003,23
javier,17,2.317656700000015,16
javier,17,2.317670200000009,27
javier,17,2.3176790999999923,44
javier,17,2.3176875000000052,56
javier,17,2.317768000000001,51
javier,17,2.3177789000000075,37
javier,17,2.3177876999999967,24
javier,17,2.317911600000002,27
javier,17,2.31792759999999,42
javier,17,2.3179368000000125,43
javier,17,2.3179456999999957,37
javier,17,2.3180309999999906,27
javier,17,2.318042300000002,21
javier,17,2.318050999999997,33
javier,17,2.3181280000000015,53
javier,17,2.318139300000013,54
javier,17,2.318148100000002,28
javier,17,2.318156200000004,16
javier,17,2.3182897000000082,23
javier,17,2.318330400000008,36
javier,17,2.3183495000000107,51
javier,17,2.318368800000002,55
javier,17,2.3184851000000037,56
javier,17,2.31849840000001,56
javier,17,2.318507699999998,55
javier,17,2.3185953999999924,49
javier,17,2.3186084000000164,42
javier,17,2.3186171000000115,51
javier,17,2.3186303999999893,64
javier,17,2.3187006999999937,68
javier,17,2.3187115000000063,70
javier,17,2.3187198999999907,75
javier,17,2.347313799999995,72
javier,17,2.3473471000000075,60
javier,17,2.347360600000002,41
javier,17,2.3474708999999905,32
javier,17,2.3474860000000035,39
javier,17,2.3474970999999982,52
javier,17,2.3475076,51
javier,17,2.3475988000000143,45
javier,17,2.3476114000000052,51
javier,17,2.34762649999999,53
javier,17,2.347727700000007,53
javier,17,2.3477410000000134,54
javier,17,2.3477512000000047,52
javier,17,2.347760800000003,50
javier,17,2.347849200000013,48
javier,17,2.3478613000000053,60
javier,17,2.3478712000000144,74
javier,17,2.347924699999993,80
javier,17,2.347936699999991,81
javier,17,2.3858422000000132,69
javier,17,2.4104931999999906,55
javier,17,2.4105208999999945,51
javier,17,2.4105307000000096,57
javier,17,2.4106333999999947,77
javier,17,2.4106457000000034,84
javier,17,2.410653499999995,58
javier,17,2.410661300000015,27
javier,17,2.4107310999999925,11
javier,17,2.410740699999991,17
javier,17,2.41074789999999,32
javier,17,2.410813100000013,34
javier,17,2.410821900000002,33
javier,17,2.410829100000001,20
javier,17,2.4108362999999997,4
javier,17,2.4109009999999955,-6
javier,17,2.410910300000012,2
javier,17,2.4109182999999916,10
javier,17,2.4109253999999964,19
javier,17,2.411002599999989,32
javier,17,2.4110120999999936,38
javier,17,2.4110192999999924,43
javier,17,2.4110832000000073,48
javier,17,2.4111106000000007,41
javier,17,2.411118500000015,35
javier,17,2.411125900000002,39
javier,17,2.4112388000000067,59
javier,17,2.411252100000013,77
javier,17,2.411274999999989,91
javier,17,2.4113551000000086,93
javier,17,2.411366700000002,80
javier,17,2.411374099999989,65
javier,17,2.4113810000000058,64
javier,17,2.4114375999999993,56
javier,17,2.411447299999992,43
javier,17,2.442373400000008,36
javier,17,2.4424014999999883,28
javier,17,2.4424113999999975,22
javier,17,2.442496800000015,27
javier,17,2.4425071999999943,34
javier,17,2.442514799999998,25
javier,17,2.4425217000000146,10
javier,17,2.442603399999996,1
javier,17,2.4426143000000025,-6
javier,17,2.4426223000000107,2
javier,17,2.4426545000000033,35
javier,17,2.4743953999999917,65
javier,17,2.4744247000000144,73
javier,17,2.4744355999999925,59
javier,17,2.474505399999998,38
javier,17,2.4745174999999904,43
javier,17,2.5066984000000048,56
javier,17,2.5067320999999936,66
javier,17,2.5067425000000014,69
javier,17,2.5068287,60
javier,17,2.50683939999999,52
javier,17,2.506862500000011,45
javier,17,2.506871100000012,52
javier,17,2.5069407999999953,61
javier,17,2.506950399999994,61
javier,17,2.5069573000000105,43
javier,17,2.507022400000011,21
javier,17,2.507031600000005,8
javier,17,2.507038999999992,2
javier,17,2.5070460000000026,3
javier,17,2.5071107999999924,8
javier,17,2.50711960000001,8
javier,17,2.507126700000015,19
javier,17,2.507133500000009,40
javier,17,2.507197600000012,53
javier,17,2.507206400000001,55
javier,17,2.5072132999999894,60
javier,17,2.5072878000000003,59
javier,17,2.507297499999993,58
javier,17,2.5073045999999977,57
javier,17,2.5073115000000143,52
javier,17,2.507374800000008,43
javier,17,2.507383400000009,34
javier,17,2.5073902000000032,25
javier,17,2.507452700000016,37
javier,17,2.5074611999999945,49
javier,17,2.507468700000004,52
javier,17,2.5074755999999923,58
javier,17,2.5075079000000073,53
javier,17,2.5385076999999967,34
javier,17,2.5385373000000016,27
javier,17,2.538548100000014,33
javier,17,2.538689500000004,24
javier,17,2.538703599999991,7
javier,17,2.5387164999999925,1
javier,17,2.538725400000004,10
javier,17,2.5388042000000155,16
javier,17,2.538814599999995,17
javier,17,2.538822500000009,36
javier,17,2.5388954000000012,52
javier,17,2.5389055999999925,43
javier,17,2.5389273000000117,24
javier,17,2.5389342,9
javier,17,2.5389769999999885,5
javier,17,2.5389859,11
javier,17,2.569351900000015,17
javier,17,2.569378900000004,7
javier,17,2.5693885000000023,11
javier,17,2.5694535000000087,18
javier,17,2.602109799999994,8
javier,17,2.6021379000000024,-4
javier,17,2.6021484999999984,-3
javier,17,2.6316514000000097,-2
javier,17,2.6317458000000045,-6
javier,17,2.631768700000009,-10
javier,17,2.631896900000015,-17
javier,17,2.631908100000004,-11
javier,17,2.6319164999999884,11
javier,17,2.6319852000000026,33
javier,17,2.6319953,36
javier,17,2.6320025999999928,34
javier,17,2.6320096999999976,41
javier,17,2.6320757999999955,57
javier,17,2.6320849999999893,71
javier,17,2.6320924000000048,66
javier,17,2.6320994000000155,49
javier,17,2.6321742000000086,53
javier,17,2.632183999999995,70
javier,17,2.6321913000000166,82
javier,17,2.63225700000001,76
javier,17,2.632265899999993,70
javier,17,2.6322735999999907,70
javier,17,2.6322805000000074,80
javier,17,2.6323442000000057,93
javier,17,2.632352999999995,91
javier,17,2.632360300000016,70
javier,17,2.632423500000016,52
javier,17,2.6324320999999884,39
javier,17,2.6324394000000098,43
javier,17,2.632446200000004,52
javier,17,2.632517500000006,56
javier,17,2.6325266999999997,53
javier,17,2.6325339999999926,40
javier,17,2.6325992000000156,42
javier,17,2.632608099999999,60
javier,17,2.6326152000000036,75
javier,17,2.632622099999992,89
javier,17,2.6326570999999888,88
javier,17,2.6624836000000016,59
javier,17,2.6625170000000082,28
javier,17,2.6625303000000144,22
javier,17,2.6626387999999963,32
javier,17,2.662652400000013,37
javier,17,2.6626627999999926,34
javier,17,2.662672100000009,21
javier,17,2.662765400000012,27
javier,17,2.6627775000000042,50
javier,17,2.662786699999998,55
javier,17,2.662829700000003,50
javier,17,2.692284700000016,34
javier,17,2.7238258000000144,27
javier,17,2.723856100000006,33
javier,17,2.723866500000014,35
javier,17,2.723967799999997,36
javier,17,2.723979100000008,42
javier,17,2.723986400000001,51
javier,17,2.723993400000012,55
javier,17,2.7240601000000026,71
javier,17,2.7240692000000024,96
javier,17,2.724076700000012,101
javier,17,2.724212999999992,88
javier,17,2.724234200000012,65
javier,17,2.724255499999998,36
javier,17,2.7242828999999915,39
javier,17,2.7243990000000053,70
javier,17,2.7244091999999966,82
javier,17,2.7244168,70
javier,17,2.72448270000001,45
javier,17,2.72449180000001,28
javier,17,2.7244989000000146,24
javier,17,2.724505800000003,32
javier,17,2.7245702000000165,44
javier,17,2.7245791999999938,52
javier,17,2.7245862999999986,52
javier,17,2.724650099999991,53
javier,17,2.7246590000000026,53
javier,17,2.7246662000000015,60
javier,17,2.7246733000000063,80
javier,17,2.7247404000000017,92
javier,17,2.724749900000006,100
javier,17,2.724757199999999,96
javier,17,2.724764300000004,76
javier,17,2.7248293000000103,56
javier,17,2.7248379000000114,37
javier,17,2.724845000000016,28
javier,17,2.7248974999999973,37
javier,17,2.7249060000000043,41
javier,17,2.724913200000003,37
javier,17,2.756110800000016,42
javier,17,2.7561244999999985,52
javier,17,2.756136099999992,58
javier,17,2.756208600000008,56
javier,17,2.756221900000014,51
javier,17,2.804814499999992,41
javier,17,2.8048417999999913,35
javier,17,2.80485139999999,39
javier,17,2.8049363000000085,41
javier,17,2.8049468000000104,22
javier,17,2.804954500000008,10
javier,17,2.8049621000000116,7
javier,17,2.8050124000000096,18
javier,17,2.805022000000008,37
javier,17,2.8347457000000134,43
javier,17,2.834770600000013,49
javier,17,2.834780099999989,49
javier,17,2.8348627999999962,48
javier,17,2.834873000000016,43
javier,17,2.834880599999991,39
javier,17,2.83488779999999,42
javier,17,2.8349686999999903,54
javier,17,2.834979099999998,59
javier,17,2.8349865000000136,49
javier,17,2.8350532000000044,38
javier,17,2.835062399999998,40
javier,17,2.835069500000003,48
javier,17,2.835076299999997,50
javier,17,2.8351414999999918,51
javier,17,2.8351503000000093,54
javier,17,2.835157400000014,61
javier,17,2.835220700000008,70
javier,17,2.835229499999997,66
javier,17,2.835236699999996,69
javier,17,2.8352437000000066,74
javier,17,2.835341999999997,68
javier,17,2.835373599999997,69
javier,17,2.8353836,83
javier,17,2.8353935000000092,93
javier,17,2.835581600000012,91
javier,17,2.8355961000000036,82
javier,17,2.835606900000016,70
javier,17,2.8356798000000083,65
javier,17,2.8356898000000115,61
javier,17,2.835697400000015,54
javier,17,2.835704600000014,53
javier,17,2.835772399999996,58
javier,17,2.835781499999996,64
javier,17,2.835788799999989,68
javier,17,2.8358637000000044,66
javier,17,2.835873100000015,59
javier,17,2.8358804000000077,57
javier,17,2.8358875000000126,61
javier,17,2.8656047000000058,83
javier,17,2.8656355999999903,86
javier,17,2.8656565,68
javier,17,2.8658551000000045,64
javier,17,2.865873100000016,70
javier,17,2.8658834000000013,80
javier,17,2.865892300000013,77
javier,17,2.865981199999993,82
javier,17,2.8659926999999925,86
javier,17,2.866001400000016,82
javier,17,2.866085599999991,55
javier,17,2.8661137999999937,36
javier,17,2.8969980999999905,42
javier,17,2.9274618000000032,60
javier,17,2.9275203999999917,64
javier,17,2.927531500000015,54
javier,17,2.927628999999996,41
javier,17,2.927640800000006,35
javier,17,2.9276490999999965,34
javier,17,2.9276570000000106,36
javier,17,2.9277290999999934,41
javier,17,2.9277390999999966,40
javier,17,2.9277601000000004,36
javier,17,2.9278343999999947,20
javier,17,2.9278466000000094,17
javier,17,2.9278678999999954,28
javier,17,2.9278750000000002,40
javier,17,2.9279404000000113,48
javier,17,2.9279492999999945,40
javier,17,2.9279560999999887,37
javier,17,2.928019599999999,39
javier,17,2.9280284000000165,33
javier,17,2.9280358000000035,22
javier,17,2.928042699999992,25
javier,17,2.9281066000000067,33
javier,17,2.9281153000000018,32
javier,17,2.9281225000000006,26
javier,17,2.9281296999999995,23
javier,17,2.9282037000000116,22
javier,17,2.9282129999999995,22
javier,17,2.9282201999999984,18
javier,17,2.9282850000000167,17
javier,17,2.9282939,25
javier,17,2.9283010999999988,50
javier,17,2.9283081000000095,55
javier,17,2.9283708000000104,45
javier,17,2.928379299999989,34
javier,17,2.9283863999999937,25
javier,17,2.928449700000016,16
javier,17,2.9284582999999884,7
javier,17,2.928465700000004,11
javier,17,2.928472599999992,37
javier,17,2.9285166999999888,59
javier,17,2.9285251000000017,56
javier,17,2.9593392000000165,38
javier,17,2.959380799999991,38
javier,17,2.9593914000000154,53
javier,17,2.959475900000001,49
javier,17,2.9594881000000157,33
javier,17,2.959496400000006,19
javier,17,2.9595041000000037,11
javier,17,2.9595824000000164,22
javier,17,2.9595925000000136,45
javier,17,2.9595999000000006,53
javier,17,2.9596439999999973,35
javier,17,2.9596533000000136,22
javier,17,3.0072555000000136,25
javier,17,3.037967100000003,32
javier,17,3.0380016999999953,48
javier,17,3.0380284000000017,66
javier,17,3.0381801000000053,66
javier,17,3.038196599999992,58
javier,17,3.038206900000006,54
javier,17,3.0382484000000147,54
javier,17,3.0383357000000046,59
javier,17,3.038345200000009,68
javier,17,3.038352500000002,80
javier,17,3.0384170000000097,82
javier,17,3.0384262999999976,72
javier,17,3.0384335999999905,59
javier,17,3.0384406999999953,53
javier,17,3.0385048999999924,52
javier,17,3.038513600000016,51
javier,17,3.038520800000015,73
javier,17,3.038587800000016,91
javier,17,3.038597199999998,80
javier,17,3.038604499999991,59
javier,17,3.0386113000000137,45
javier,17,3.0387296000000106,48
javier,17,3.0387434000000155,49
javier,17,3.0387535000000128,43
javier,17,3.0387633999999935,35
javier,17,3.038888500000013,25
javier,17,3.0388982000000055,24
javier,17,3.038919600000014,26
javier,17,3.0389820999999984,33
javier,17,3.0389906999999994,44
javier,17,3.0389979999999923,55
javier,17,3.039005000000003,56
javier,17,3.03906760000001,45
javier,17,3.039076200000011,36
javier,17,3.0390834000000098,22
javier,17,3.039133700000008,10
javier,17,3.0391519000000073,10
javier,17,3.039159500000011,20
javier,17,3.069186000000002,32
javier,17,3.0692133999999953,28
javier,17,3.0692231000000163,16
javier,17,3.0693080000000066,6
javier,17,3.0693186000000026,11
javier,17,3.069326600000011,32
javier,17,3.0693339000000037,40
javier,17,3.0694157000000075,43
javier,17,3.069425899999999,40
javier,17,3.0694333000000142,24
javier,17,3.069465699999995,19
javier,17,3.1047054999999943,21
javier,17,3.1323849999999993,23
javier,17,3.1324161000000004,32
javier,17,3.132427000000007,39
javier,17,3.1325782000000117,39
javier,17,3.132589800000005,38
javier,17,3.132597699999991,37
javier,17,3.1326050000000123,40
javier,17,3.1326746000000014,37
javier,17,3.132684000000012,28
javier,17,3.132691499999993,36
javier,17,3.1327577000000133,41
javier,17,3.132766800000013,41
javier,17,3.132774000000012,33
javier,17,3.1327809,26
javier,17,3.1328443000000163,33
javier,17,3.1328531000000055,39
javier,17,3.1328601000000162,39
javier,17,3.132934000000006,40
javier,17,3.1329437999999925,51
javier,17,3.1329508999999973,67
javier,17,3.132958000000002,59
javier,17,3.133022000000011,56
javier,17,3.133030700000006,55
javier,17,3.1330376999999885,48
javier,17,3.1330447999999933,38
javier,17,3.133107499999994,28
javier,17,3.133116000000001,20
javier,17,3.1331227999999953,20
javier,17,3.1331843000000106,36
javier,17,3.1331929000000116,56
javier,17,3.133199899999994,59
javier,17,3.133206599999994,55
javier,17,3.1332683999999915,55
javier,17,3.1332768000000044,61
javier,17,3.1332840000000033,60
javier,17,3.1333569999999895,53
javier,17,3.1333668000000046,57
javier,17,3.1333739000000094,74
javier,17,3.1333807999999976,87
javier,17,3.1334158999999886,75
javier,17,3.163236799999993,60
javier,17,3.1632669999999905,55
javier,17,3.1632786000000124,49
javier,17,3.1633744000000092,39
javier,17,3.163399599999991,35
javier,17,3.1634076999999934,25
javier,17,3.1634150000000147,18
javier,17,3.1634836000000064,11
javier,17,3.1634928,26
javier,17,3.163499999999999,53
javier,17,3.1635615000000143,59
javier,17,3.163573299999996,48
javier,17,3.209646300000003,26
javier,17,3.2436824000000115,3
javier,17,3.2437333999999964,-2
javier,17,3.243760100000003,12
javier,17,3.2438582000000054,34
javier,17,3.2438708999999903,53
javier,17,3.243879800000002,59
javier,17,3.2438879999999983,55
javier,17,3.2439919999999915,38
javier,17,3.2440044999999884,22
javier,17,3.2440276000000097,38
javier,17,3.244133500000004,60
javier,17,3.244158700000014,69
javier,17,3.2441669000000104,64
javier,17,3.244175399999989,48
javier,17,3.2443116999999972,40
javier,17,3.2443249000000094,44
javier,17,3.24433479999999,54
javier,17,3.2444341000000065,53
javier,17,3.2444431000000122,41
javier,17,3.2444500999999946,49
javier,17,3.2444568999999888,73
javier,17,3.244562699999989,76
javier,17,3.2445716999999945,65
javier,17,3.244599600000015,55
javier,17,3.244620800000007,54
javier,17,3.2446855000000028,74
javier,17,3.244694299999992,88
javier,17,3.2447016000000133,93
javier,17,3.244765199999989,92
javier,17,3.244782700000002,81
javier,17,3.244790800000004,64
javier,17,3.244797800000015,51
javier,17,3.2448543000000143,42
javier,17,3.275374999999997,45
javier,17,3.2754102000000103,41
javier,17,3.2754255000000114,40
javier,17,3.2755670999999893,50
javier,17,3.27559500000001,58
javier,17,3.275605600000006,60
javier,17,3.2756141000000127,55
javier,17,3.2756961999999987,55
javier,17,3.275707400000016,49
javier,17,3.2757158000000004,37
javier,17,3.275790900000004,29
javier,17,3.2758010999999954,19
javier,17,3.2758095000000083,20
javier,17,3.275817399999994,35
javier,17,3.2758909000000074,49
javier,17,3.2759010000000046,57
javier,17,3.275909100000007,58
javier,17,3.275980000000004,49
javier,17,3.275989900000013,32
javier,17,3.275997799999999,27
javier,17,3.2760054999999966,29
javier,17,3.2760938000000124,16
javier,17,3.2761040000000037,11
javier,17,3.276112100000006,27
javier,17,3.276120100000014,54
javier,17,3.3070993999999985,68
javier,17,3.3395241999999996,58
javier,17,3.339597999999995,48
javier,17,3.339610499999992,41
javier,17,3.33972159999999,41
javier,17,3.3397356000000116,48
javier,17,3.3397448000000054,56
javier,17,3.33975319999999,56
javier,17,3.3398506000000054,50
javier,17,3.339863500000007,49
javier,17,3.339873600000004,40
javier,17,3.3399771999999928,28
javier,17,3.3399876999999947,35
javier,17,3.3399960000000135,49
javier,17,3.340003800000005,56
javier,17,3.3400762999999927,42
javier,17,3.340086200000002,20
javier,17,3.34009420000001,24
javier,17,3.3401666000000034,55
javier,17,3.3401766000000066,81
javier,17,3.340184899999997,81
javier,17,3.3402050999999915,68
javier,17,3.340280199999995,50
javier,17,3.3402902999999924,43
javier,17,3.3402983000000006,69
javier,17,3.340306499999997,77
javier,17,3.340361300000012,68
javier,17,3.3403710000000046,66
javier,17,3.3712816999999973,57
javier,17,3.371309200000013,40
javier,17,3.3713189000000057,34
javier,17,3.3714022999999997,44
javier,17,3.3714132000000063,56
javier,17,3.3714212000000146,45
javier,17,3.3714284000000134,18
javier,17,3.3714960000000076,4
javier,17,3.3715053999999895,10
javier,17,3.3715125999999884,16
javier,17,3.3716110000000015,16
javier,17,3.371622400000007,6
javier,17,3.3716307999999913,-2
javier,17,3.3716580999999906,-3
javier,17,3.3717656000000034,1
javier,17,3.371777900000012,27
javier,17,3.3717880000000093,60
javier,17,3.412072600000016,71
javier,17,3.4121001000000035,69
javier,17,3.4121100000000126,72
javier,17,3.4334077000000036,82
javier,17,3.433434900000009,84
javier,17,3.4334446000000014,86
javier,17,3.433528899999999,80
javier,17,3.4335437999999954,54
javier,17,3.4335523000000023,32
javier,17,3.4335596999999893,27
javier,17,3.4336265999999966,52
javier,17,3.4336356999999964,72
javier,17,3.433642800000001,56
javier,17,3.4337069999999983,36
javier,17,3.433725199999998,37
javier,17,3.433733799999999,32
javier,17,3.4337407000000155,27
javier,17,3.433829000000003,42
javier,17,3.4338391,50
javier,17,3.4338472999999965,43
javier,17,3.4339492999999948,41
javier,17,3.433959200000004,39
javier,17,3.433967300000006,28
javier,17,3.4339750000000038,22
javier,17,3.4340468999999985,40
javier,17,3.4340569999999957,60
javier,17,3.4340654000000086,55
javier,17,3.434073500000011,43
javier,17,3.43415490000001,56
javier,17,3.4341633999999885,77
javier,17,3.434170800000004,86
javier,17,3.434256199999993,81
javier,17,3.4342670000000055,85
javier,17,3.434275299999996,93
javier,17,3.4652842000000135,90
javier,17,3.465351200000015,76
javier,17,3.465366700000004,64
javier,17,3.465472500000004,59
javier,17,3.4655018999999925,64
javier,17,3.465531900000002,52
javier,17,3.4655473999999913,43
javier,17,3.465638299999995,53
javier,17,3.4656498999999883,65
javier,17,3.465658700000006,65
javier,17,3.465738799999997,55
javier,17,3.4657498999999916,54
javier,17,3.465758600000015,59
javier,17,3.4657668000000115,55
javier,17,3.465833900000007,42
javier,17,3.465844699999991,36
javier,17,3.4658536000000026,41
javier,17,3.496814400000005,54
javier,17,3.496849200000014,52
javier,17,3.4968753999999933,28
javier,17,3.497004000000004,8
javier,17,3.497018499999996,7
javier,17,3.497027900000006,22
javier,17,3.528622200000001,40
javier,17,3.528671900000006,40
javier,17,3.5286855999999887,19
javier,17,3.528795300000013,21
javier,17,3.5288108999999963,35
javier,17,3.561128400000001,36
javier,17,3.5611754999999903,29
javier,17,3.5611868999999956,32
javier,17,3.561321300000003,45
javier,17,3.5613315999999884,54
javier,17,3.561339199999992,49
javier,17,3.5613461000000086,53
javier,17,3.561413000000016,61
javier,17,3.561441699999989,75
javier,17,3.5614500000000078,88
javier,17,3.5615319000000056,72
javier,17,3.5615410999999995,49
javier,17,3.561548600000009,44
javier,17,3.561555499999997,55
javier,17,3.5616191000000015,65
javier,17,3.5616277999999966,73
javier,17,3.5616350999999895,80
javier,17,3.5616984000000116,74
javier,17,3.5617072000000007,64
javier,17,3.5617144999999937,66
javier,17,3.5617215000000044,74
javier,17,3.561784500000016,69
javier,17,3.561793499999993,37
javier,17,3.561819500000013,8
javier,17,3.561827600000015,-1
javier,17,3.561930700000005,-5
javier,17,3.561940800000002,-2
javier,17,3.5619484000000057,6
javier,17,3.562013400000012,8
javier,17,3.5620222999999953,24
javier,17,3.5620297000000107,38
javier,17,3.562036699999993,33
javier,17,3.562135600000005,28
javier,17,3.562144100000012,35
javier,17,3.562151099999994,32
javier,17,3.562248299999993,19
javier,17,3.5622568,10
javier,17,3.5622636999999884,11
javier,17,3.562270600000005,12
javier,17,3.562312800000001,23
javier,17,3.5623396999999954,32
javier,17,3.5918901000000005,28
javier,17,3.591918100000015,34
javier,17,3.5919278000000077,37
javier,17,3.5920064000000025,28
javier,17,3.59201809999999,10
javier,17,3.623319400000014,12
javier,17,3.6233464000000026,41
javier,17,3.6233561999999893,55
javier,17,3.6234417000000008,42
javier,17,3.6234525000000133,24
javier,17,3.623460300000005,18
javier,17,3.6234678000000144,7
javier,17,3.6235776999999985,7
javier,17,3.623587200000003,18
javier,17,3.6235947000000124,13
javier,17,3.6236973999999975,17
javier,17,3.6237405999999908,42
javier,17,3.6237494000000083,73
javier,17,3.6237572,75
javier,17,3.6238752000000147,64
javier,17,3.6239049000000136,50
javier,17,3.6239147000000003,52
javier,17,3.6239247999999975,67
javier,17,3.62402560000001,81
javier,17,3.6240357000000074,82
javier,17,3.624043999999998,74
javier,17,3.6241388999999913,75
javier,17,3.6241516999999988,67
javier,17,3.6241613999999913,51
javier,17,3.6241778000000124,35
javier,17,3.6243498999999986,36
javier,17,3.6243676999999934,52
javier,17,3.624378699999994,69
javier,17,3.6244363000000135,76
javier,17,3.6534713000000067,76
javier,17,3.6534989000000166,86
javier,17,3.653509000000014,85
javier,17,3.653594400000003,58
javier,17,3.6536054000000036,41
javier,17,3.653612900000013,42
javier,17,3.6536199999999894,43
javier,17,3.653706999999997,43
javier,17,3.653717400000005,43
javier,17,3.6537303000000065,39
javier,17,3.653792799999991,36
javier,17,3.6538018999999906,39
javier,17,3.685314300000016,41
javier,17,3.6853502000000162,36
javier,17,3.685365399999995,18
javier,17,3.6855272999999897,18
javier,17,3.6855462000000045,43
javier,17,3.685555999999991,59
javier,17,3.685564599999992,56
javier,17,3.6856571000000145,41
javier,17,3.6856692000000066,23
javier,17,3.6856783000000064,9
javier,17,3.68575229999999,12
javier,17,3.6857728999999892,23
javier,17,3.7272101000000077,36
javier,17,3.762971399999998,54
javier,17,3.7630186000000094,65
javier,17,3.7630321000000038,68
javier,17,3.7631401000000153,57
javier,17,3.7631547999999952,36
javier,17,3.76316589999999,25
javier,17,3.763176399999992,34
javier,17,3.76326610000001,41
javier,17,3.763278299999996,33
javier,17,3.76328860000001,32
javier,17,3.763377399999996,33
javier,17,3.7633900000000153,34
javier,17,3.7634002000000066,33
javier,17,3.7634099999999933,39
javier,17,3.763510999999994,56
javier,17,3.7635236000000134,73
javier,17,3.7635336000000166,68
javier,17,3.7636204000000077,52
javier,17,3.763632599999994,45
javier,17,3.763642599999997,40
javier,17,3.7636522999999897,48
javier,17,3.7637386000000106,59
javier,17,3.763750700000003,55
javier,17,3.7637610000000166,41
javier,17,3.7641661000000113,39
javier,17,3.7641801999999984,57
javier,17,3.764191299999993,72
javier,17,3.764201500000013,80
javier,17,3.7642887000000087,85
javier,17,3.7643011000000115,89
javier,17,3.764311499999991,90
javier,17,3.764332599999989,76
javier,17,3.7644210999999927,64
javier,17,3.7644328000000087,66
javier,17,3.764442800000012,67
javier,17,3.764530199999996,61
javier,17,3.7645421,52
javier,17,3.764552600000002,49
javier,17,3.7645622999999944,56
javier,17,3.7646488999999974,66
javier,17,3.7646608999999955,68
javier,17,3.7646708000000046,53
javier,17,3.7647527999999966,28
javier,17,3.764778000000007,18
javier,17,3.7647889000000134,22
javier,17,3.764798600000006,37
javier,17,3.7944232000000113,50
javier,17,3.794453599999997,42
javier,17,3.7944645000000037,20
javier,17,3.826324800000009,12
javier,17,3.826351200000005,29
javier,17,3.8263609999999915,38
javier,17,3.826481000000001,39
javier,17,3.826491300000015,44
javier,17,3.82649889999999,55
javier,17,3.8265063000000055,61
javier,17,3.826557000000008,59
javier,17,3.82656639999999,49
javier,17,3.8587352000000124,24
javier,17,3.8587629000000163,8
javier,17,3.858777300000014,17
javier,17,3.8588757999999928,24
javier,17,3.858887100000004,29
javier,17,3.858894499999991,32
javier,17,3.8589018000000124,42
javier,17,3.858970200000016,57
javier,17,3.8589801999999906,55
javier,17,3.8589877,56
javier,17,3.8590528999999947,57
javier,17,3.8590619000000004,60
javier,17,3.8590691999999933,65
javier,17,3.859076200000004,68
javier,17,3.8591394000000037,80
javier,17,3.859150200000016,92
javier,17,3.859157500000009,93
javier,17,3.8592233999999905,76
javier,17,3.859232700000007,54
javier,17,3.8592503000000136,54
javier,17,3.859258000000011,71
javier,17,3.859324200000003,84
javier,17,3.8593329999999924,86
javier,17,3.859340099999997,84
javier,17,3.859347100000008,74
javier,17,3.8594108000000062,49
javier,17,3.8594195000000013,36
javier,17,3.8594267999999943,52
javier,17,3.8594901000000164,57
javier,17,3.859498599999995,45
javier,17,3.8595056000000056,49
javier,17,3.859512300000006,60
javier,17,3.859546999999992,69
javier,17,3.890480800000006,69
javier,17,3.8905134999999973,60
javier,17,3.8905248000000086,61
javier,17,3.890621500000009,82
javier,17,3.8906340000000057,92
javier,17,3.890642799999995,81
javier,17,3.890650899999997,61
javier,17,3.8907259000000067,58
javier,17,3.890736699999991,68
javier,17,3.8907450000000097,58
javier,17,3.8907978000000014,28
javier,17,3.890808600000014,32
javier,17,3.9295515999999964,55
javier,17,3.9547297999999955,80
javier,17,3.9547601000000157,102
javier,17,3.954770300000007,115
javier,17,3.954858400000006,108
javier,17,3.9548698000000115,90
javier,17,3.9548776999999973,81
javier,17,3.9549447999999927,69
javier,17,3.9549545000000137,57
javier,17,3.954962099999989,44
javier,17,3.954969300000016,28
javier,17,3.955032700000004,28
javier,17,3.955041499999993,28
javier,17,3.9550488000000144,19
javier,17,3.9550558999999907,12
javier,17,3.9551203999999984,23
javier,17,3.9551290999999935,33
javier,17,3.9551362999999924,33
javier,17,3.955199300000004,27
javier,17,3.955207900000005,39
javier,17,3.955214799999993,49
javier,17,3.955221800000004,49
javier,17,3.955286199999989,42
javier,17,3.95529479999999,38
javier,17,3.9553023999999937,34
javier,17,3.9553655999999933,26
javier,17,3.955374500000005,33
javier,17,3.9553816000000097,33
javier,17,3.9553889000000026,9
javier,17,3.955513499999995,-1
javier,17,3.955523999999997,20
javier,17,3.9555321999999933,52
javier,17,3.9555402000000015,64
javier,17,3.955618600000008,48
javier,17,3.955627100000015,34
javier,17,3.9556340000000034,28
javier,17,3.9556757999999945,23
javier,17,3.955684600000012,20
javier,17,3.9863789999999995,12
javier,17,3.986408400000016,7
javier,17,3.9864181000000087,6
javier,17,3.986506800000001,9
javier,17,3.9865191000000095,17
javier,17,3.9865269999999953,17
javier,17,3.9865350000000035,8
javier,17,4.0421671,7
javier,17,4.064139699999998,16
javier,17,4.064166999999998,9
javier,17,4.064176599999996,9
javier,17,4.06424770000001,23
javier,17,4.064258200000012,37
javier,17,4.064265900000009,50
javier,17,4.096990300000016,53
javier,17,4.097056100000003,55
javier,17,4.0971045,52
javier,17,4.097449299999994,27
javier,17,4.097480499999989,10
javier,17,4.097523600000017,19
javier,17,4.097563000000008,33
javier,17,4.097861200000011,50
javier,17,4.09792010000001,57
javier,17,4.0979461999999955,59
javier,17,4.098173300000013,60
javier,17,4.098210999999992,55
javier,17,4.098227199999997,50
javier,17,4.098243400000001,37
javier,17,4.098495600000007,34
javier,17,4.098516700000005,52
javier,17,4.098532000000006,69
javier,17,4.0987116999999955,58
javier,17,4.0987275999999895,54
javier,17,4.098756199999997,56
javier,17,4.0987662,53
javier,17,4.098888200000005,40
javier,17,4.098901399999988,24
javier,17,4.098911799999996,17
javier,17,4.0989218999999935,32
javier,17,4.099037699999997,41
javier,17,4.099047399999989,32
javier,17,4.099054800000005,27
javier,17,4.099153400000006,33
javier,17,4.0991624000000115,40
javier,17,4.09916960000001,38
javier,17,4.099176400000005,28
javier,17,4.099239799999992,34
javier,17,4.099248399999993,52
javier,17,4.099255599999992,57
javier,17,4.099319100000002,43
javier,17,4.099327899999992,27
javier,17,4.099334999999996,26
javier,17,4.099342000000007,28
javier,17,4.099451500000015,35
javier,17,4.099460999999991,51
javier,17,4.09946819999999,60
javier,17,4.099586399999993,59
javier,17,4.099599000000012,52
javier,17,4.099608799999999,38
javier,17,4.0996193000000005,40
javier,17,4.099725199999995,55
javier,17,4.099738300000013,58
javier,17,4.099760900000007,39
javier,17,4.099788899999993,10
javier,17,4.099851400000006,7
javier,17,4.132124199999993,25
javier,17,4.159369599999991,33
javier,17,4.15941140000001,17
javier,17,4.15942179999999,4
javier,17,4.1595106999999985,11
javier,17,4.159521699999999,37
javier,17,4.159529499999991,45
javier,17,4.159536599999996,56
javier,17,4.159603000000004,64
javier,17,4.159612799999991,74
javier,17,4.159620200000006,97
javier,17,4.159684599999991,103
javier,17,4.159693900000008,99
javier,17,4.159701100000007,98
javier,17,4.1597083000000055,105
javier,17,4.159786700000012,118
javier,17,4.15981579999999,115
javier,17,4.159824299999997,90
javier,17,4.159926299999995,80
javier,17,4.15993850000001,104
javier,17,4.159961199999998,117
javier,17,4.159989400000001,96
javier,17,4.160089900000003,67
javier,17,4.160100499999999,55
javier,17,4.160108600000001,43
javier,17,4.1601809,16
javier,17,4.160191300000008,1
javier,17,4.1601995999999986,3
javier,17,4.160207799999995,2
javier,17,4.1602795999999955,8
javier,17,4.160289699999993,28
javier,17,4.160297899999989,52
javier,17,4.160305700000009,64
javier,17,4.160390000000007,55
javier,17,4.160400100000004,57
javier,17,4.160408399999994,72
javier,17,4.160443500000014,74
javier,17,4.189310199999994,58
javier,17,4.1893546999999955,37
javier,17,4.189365600000002,24
javier,17,4.189476600000006,28
javier,17,4.189494700000012,36
javier,17,4.18950430000001,36
javier,17,4.189512199999996,44
javier,17,4.189587799999998,59
javier,17,4.1895979999999895,53
javier,17,4.189606099999992,42
javier,17,4.189678700000002,50
javier,17,4.189688399999994,71
javier,17,4.189696200000014,97
javier,17,4.189704000000006,89
javier,17,4.1897730999999965,64
javier,17,4.189782699999995,34
javier,17,4.189790500000015,21
javier,17,4.189866899999998,23
javier,17,4.189877499999994,24
javier,17,4.189885099999998,26
javier,17,4.1898927999999955,25
javier,17,4.229601000000002,23
javier,17,4.256151200000005,10
javier,17,4.256220200000001,-3
javier,17,4.256245699999994,-5
javier,17,4.256429999999995,4
javier,17,4.256454200000007,2
javier,17,4.256474900000001,-9
javier,17,4.256494599999996,-8
javier,17,4.256688700000012,18
javier,17,4.256717500000008,22
javier,17,4.256742099999997,4
javier,17,4.2569096,-5
javier,17,4.256933500000002,4
javier,17,4.256956800000012,25
javier,17,4.256982100000016,37
javier,17,4.257204400000006,43
javier,17,4.257232500000015,41
javier,17,4.257250099999993,41
javier,17,4.257266500000014,44
javier,17,4.257437600000003,39
javier,17,4.257465200000013,28
javier,17,4.257506500000005,36
javier,17,4.257681300000002,56
javier,17,4.257705399999992,60
javier,17,4.257727299999999,42
javier,17,4.257744300000013,27
javier,17,4.257843699999995,33
javier,17,4.284358800000007,39
javier,17,4.284385500000013,40
javier,17,4.284395899999993,29
javier,17,4.28448130000001,20
javier,17,4.2844915999999955,17
javier,17,4.28449950000001,17
javier,17,4.2845067000000085,12
javier,17,4.284588500000012,9
javier,17,4.284598700000004,6
javier,17,4.284606300000007,2
javier,17,4.2846136,5
javier,17,4.284684300000009,27
javier,17,4.284693800000014,51
javier,17,4.2847010000000125,52
javier,17,4.284764899999999,52
javier,17,4.284773300000012,55
javier,17,4.284780799999993,57
javier,17,4.284787800000004,66
javier,17,4.284823899999992,67
javier,17,4.316135800000012,60
javier,17,4.3570742,50
javier,17,4.380297799999994,40
javier,17,4.380329200000006,43
javier,17,4.3803417000000024,54
javier,17,4.380442299999999,64
javier,17,4.380460400000004,72
javier,17,4.380475399999995,86
javier,17,4.380485100000016,83
javier,17,4.3805744,59
javier,17,4.380586700000009,44
javier,17,4.380595599999992,35
javier,17,4.4126593999999955,24
javier,17,4.412694000000016,38
javier,17,4.412704899999994,61
javier,17,4.412802599999992,69
javier,17,4.412813200000016,54
javier,17,4.4128206999999975,39
javier,17,4.412828600000012,40
javier,17,4.412911600000001,54
javier,17,4.41292150000001,65
javier,17,4.412929100000014,61
javier,17,4.412994400000002,53
javier,17,4.413003500000002,40
javier,17,4.413010899999989,28
javier,17,4.4130179,27
javier,17,4.4130823000000134,33
javier,17,4.413091100000003,37
javier,17,4.4130983999999955,42
javier,17,4.413161099999996,44
javier,17,4.413169900000014,49
javier,17,4.413176899999996,50
javier,17,4.413183800000013,37
javier,17,4.413256499999989,38
javier,17,4.413265800000005,44
javier,17,4.413272699999993,41
javier,17,4.413279700000004,37
javier,17,4.413343499999996,28
javier,17,4.413352000000003,24
javier,17,4.4133588999999915,35
javier,17,4.413421200000016,52
javier,17,4.413429600000001,60
javier,17,4.413436499999989,68
javier,17,4.413443400000006,70
javier,17,4.413505600000008,55
javier,17,4.413514100000015,41
javier,17,4.413521199999991,57
javier,17,4.413583399999993,76
javier,17,4.413591999999994,84
javier,17,4.413607799999994,82
javier,17,4.413615499999992,77
javier,17,4.413674299999997,77
javier,17,4.444413700000013,72
javier,17,4.4444422999999915,57
javier,17,4.444453799999991,54
javier,17,4.444551700000005,65
javier,17,4.444564200000002,64
javier,17,4.444572999999991,54
javier,17,4.44458130000001,50
javier,17,4.444628499999993,40
javier,17,4.476405800000009,34
javier,17,4.476431100000013,37
javier,17,4.476441999999992,43
javier,17,4.476539699999989,40
javier,17,4.476551900000004,35
javier,17,4.476560400000011,26
javier,17,4.476586499999996,20
javier,17,4.476718199999993,17
javier,17,4.4767472999999995,8
javier,17,4.476762699999995,11
javier,17,4.476862000000011,22
javier,17,4.476872299999997,26
javier,17,4.476879800000006,18
javier,17,4.476887199999993,5
javier,17,4.47695379999999,-8
javier,17,4.4769632,-9
javier,17,4.476970499999993,11
javier,17,4.476978000000003,34
javier,17,4.477103499999998,39
javier,17,4.477116300000006,25
javier,17,4.477125999999998,18
javier,17,4.477249999999998,24
javier,17,4.477272800000009,22
javier,17,4.4772800000000075,22
javier,17,4.4772873,29
javier,17,4.477351700000014,40
javier,17,4.4773600999999985,51
javier,17,4.4773673999999914,49
javier,17,4.477431899999999,44
javier,17,4.477440800000011,34
javier,17,4.477448299999992,22
javier,17,4.477455300000003,26
javier,17,4.477528299999989,48
javier,17,4.477537799999993,59
javier,17,4.477545200000009,53
javier,17,4.477575300000012,45
javier,17,4.508258600000005,51
javier,17,4.508284800000013,58
javier,17,4.508294299999989,48
javier,17,4.5083774000000005,34
javier,17,4.508387800000008,33
javier,17,4.508409,33
javier,17,4.508417900000012,23
javier,17,4.5084884000000045,4
javier,17,4.508498000000003,-8
javier,17,4.508505700000001,-3
javier,17,4.508547499999992,19
javier,17,4.508556400000003,42
javier,17,4.5395612000000085,50
javier,17,4.539588100000003,28
javier,17,4.571883500000013,8
javier,17,4.5719134,18
javier,17,4.571926300000001,40
javier,17,4.572038300000003,49
javier,17,4.5720527,44
javier,17,4.572063200000002,50
javier,17,4.572073399999994,68
javier,17,4.572165299999995,80
javier,17,4.572178100000002,82
javier,17,4.572188199999999,72
javier,17,4.572293500000001,69
javier,17,4.572307300000006,55
javier,17,4.5723178000000075,33
javier,17,4.572327300000012,28
javier,17,4.5724170000000015,50
javier,17,4.572429499999998,71
javier,17,4.572439599999996,68
javier,17,4.572526100000005,53
javier,17,4.572538400000013,52
javier,17,4.572547899999989,51
javier,17,4.572557500000016,48
javier,17,4.572644200000013,53
javier,17,4.572655499999996,52
javier,17,4.572665099999995,40
javier,17,4.57267490000001,48
javier,17,4.572771899999992,65
javier,17,4.572784299999995,73
javier,17,4.57279410000001,73
javier,17,4.572880900000001,58
javier,17,4.572892999999993,37
javier,17,4.5729028000000085,23
javier,17,4.572912599999995,36
javier,17,4.573001800000014,52
javier,17,4.573013599999996,59
javier,17,4.5730232999999885,68
javier,17,4.573104700000016,74
javier,17,4.573116499999998,73
javier,17,4.573126300000013,76
javier,17,4.573135799999989,84
javier,17,4.603495400000014,77
javier,17,4.603519900000009,66
javier,17,4.603529600000002,65
javier,17,4.603611099999995,65
javier,17,4.603622000000001,50
javier,17,4.603629600000005,44
javier,17,4.603636499999993,41
javier,17,4.603719500000011,34
javier,17,4.6037298999999905,33
javier,17,4.6037376000000165,23
javier,17,4.603781499999997,0
javier,17,4.603790900000007,-1
javier,17,4.649679100000014,23
javier,17,4.684586999999993,39
javier,17,4.684625799999992,43
javier,17,4.684646000000015,57
javier,17,4.684838799999994,64
javier,17,4.684861000000012,65
javier,17,4.68489120000001,72
javier,17,4.684925100000015,82
javier,17,4.6850325999999995,86
javier,17,4.685046999999997,91
javier,17,4.685056599999996,102
javier,17,4.685160599999989,102
javier,17,4.685173700000007,100
javier,17,4.685183899999998,90
javier,17,4.68519409999999,72
javier,17,4.685298899999992,56
javier,17,4.685309700000005,55
javier,17,4.685318099999989,68
javier,17,4.6853934000000095,64
javier,17,4.685403799999989,55
javier,17,4.685412299999996,75
javier,17,4.685420399999998,90
javier,17,4.685495800000012,82
javier,17,4.685505800000016,73
javier,17,4.685514100000006,68
javier,17,4.6855877000000135,58
javier,17,4.685597900000005,54
javier,17,4.685606699999994,53
javier,17,4.68561489999999,49
javier,17,4.68568830000001,40
javier,17,4.685698599999995,44
javier,17,4.685706900000014,40
javier,17,4.6857801000000165,26
javier,17,4.68579059999999,33
javier,17,4.685801400000003,32
javier,17,4.685810000000004,27
javier,17,4.685883799999999,42
javier,17,4.685894100000013,52
javier,17,4.685906899999992,53
javier,17,4.685915499999993,57
javier,17,4.685989699999993,60
javier,17,4.686000000000007,59
javier,17,4.6860083999999915,54
javier,17,4.686081099999996,48
javier,17,4.686091300000015,49
javier,17,4.6860997,61
javier,17,4.68610799999999,68
javier,17,4.71438839999999,53
javier,17,4.7144150999999965,49
javier,17,4.714425500000004,48
javier,17,4.7458551,39
javier,17,4.746092900000008,38
javier,17,4.7461211000000105,40
javier,17,4.746282600000001,42
javier,17,4.746298899999999,43
javier,17,4.7463099,43
javier,17,4.746332700000011,26
javier,17,4.777808999999991,16
javier,17,4.777836699999995,9
javier,17,4.77784650000001,7
javier,17,4.810179000000005,9
javier,17,4.81020620000001,16
javier,17,4.8102162000000135,28
javier,17,4.810338800000011,41
javier,17,4.810350499999998,41
javier,17,4.81058680000001,21
javier,17,4.810595500000005,4
javier,17,4.810670799999997,20
javier,17,4.810681399999993,49
javier,17,4.810688700000014,55
